"bio_1","bio_12","Mahalanobis","suitability","suitability_trunc"
22.5067220973455,1593.38455709723,1.68059012946649,0.431583159669846,0.431583159669846
22.207920284159,1795.90888122336,1.27011729853861,0.529904408899803,0.529904408899803
24.7885860436234,1541.09437385705,1.45652886506566,0.482746101877403,0.482746101877403
22.6309242737565,2148.81983099571,2.58932863861671,0.273989821989326,0.273989821989326
23.2921402441615,1832.37682126289,0.113391127561244,0.944881681791446,0.944881681791446
25.6503725778126,1544.88581951784,3.43756957719379,0.179283883406878,0.179283883406878
22.4163850889231,1871.85584125353,0.895048554605143,0.639208697798995,0.639208697798995
25.3004985600372,1934.5845296768,4.20218981386309,0.122322423235774,0.122322423235774
24.6360616336901,1893.94752415761,1.88591827712412,0.389473622048295,0.389473622048295
22.5282309947053,1673.65115289642,1.08957436319763,0.579965197473049,0.579965197473049
23.4880450399235,2127.94624055225,2.578025627041,0.27554266085997,0.27554266085997
23.5811966142539,1847.4611885268,0.198796231811517,0.905382189213858,0.905382189213858
25.5260621174593,1594.6926990208,3.01662044082348,0.221283582696908,0.221283582696908
25.9760799836094,1196.32757256095,7.01019201915147,0.0300438887046909,0.0300438887046909
22.6654396965259,2031.23211419017,1.38860720968569,0.499422122058991,0.499422122058991
23.7092683807948,1738.7669038237,0.0324856595486364,0.98388837365308,0.98388837365308
24.1546518727515,1745.95347132632,0.350049760001439,0.839436135337742,0.839436135337742
24.5844845596615,1985.96139195256,2.67045552541468,0.263098244662788,0.263098244662788
24.3740887799242,1955.30722294016,1.87846825199717,0.390927121655019,0.390927121655019
21.0309684941662,1898.47175988585,4.49843668741032,0.10548164273636,0.10548164273636
23.4902180421506,1979.74491541309,0.951114864110007,0.621538494401395,0.621538494401395
22.3388689640603,1945.53271791907,1.2108212611577,0.545850237814348,0.545850237814348
22.6098461847937,1768.63986929079,0.62179498585169,0.732788988074641,0.732788988074641
23.4592769310473,1252.66073765421,4.54006474899785,0.103308835457178,0.103308835457178
22.9289694698987,1904.95592000718,0.471096162469511,0.790137671300609,0.790137671300609
24.8949705789262,1735.97001119014,1.57154579621146,0.455767303933502,0.455767303933502
24.6686843743906,1711.0528935426,1.0433700667656,0.593519604548479,0.593519604548479
23.2648255739674,1382.31058643021,2.72770130198656,0.25567436625834,0.25567436625834
25.1251528695308,1630.46478049255,1.94041638908802,0.379004123298239,0.379004123298239
22.7546629406021,1854.48446497802,0.45297370175209,0.797329826432779,0.797329826432779
23.5412500797529,2089.67082346364,2.13067460031625,0.344611597615176,0.344611597615176
23.9777158117932,1724.3037667382,0.169268765497472,0.918848169737127,0.918848169737127
24.2102564953628,1846.91928743906,0.773709195563745,0.679189843457103,0.679189843457103
23.7737454568167,1736.5491434192,0.0558599249960275,0.972456472838379,0.972456472838379
23.0894842580679,1405.73357261152,2.66574626947669,0.263718473065276,0.263718473065276
23.1687324378935,1646.25056353262,0.378094283969904,0.8277474841155,0.8277474841155
23.9124879423276,1651.42791921296,0.209504147573684,0.900547764308358,0.900547764308358
22.5702438319073,1735.17012522208,0.760427692021029,0.683715183813667,0.683715183813667
21.2450851914869,2025.00343909947,3.95240418651651,0.138594608421846,0.138594608421846
23.2017038573665,1940.79394827794,0.582477786289255,0.747337122975748,0.747337122975748
23.0501780964578,1708.86827590959,0.248428339209854,0.883190668029489,0.883190668029489
23.2964330741975,1686.65909209638,0.141597757649004,0.931649247678221,0.931649247678221
24.2929413773327,1924.24255865119,1.44205210870744,0.486253077824305,0.486253077824305
24.292821914563,1889.16742448257,1.16843579557451,0.557541745970195,0.557541745970195
21.6715363962326,1577.80770994828,4.1599030359272,0.124936269216505,0.124936269216505
22.8171676894124,1573.12466539682,1.27719993635253,0.528031167228441,0.528031167228441
22.5408803825156,1841.14418925251,0.683605363341079,0.71048838325971,0.71048838325971
23.0308479471704,1942.13297234639,0.612420765646954,0.736231712655365,0.736231712655365
23.0129780698437,1721.91259580873,0.248223730409759,0.883281026942888,0.883281026942888
22.9811236094501,1970.27666532057,0.799411082363906,0.670517456747344,0.670517456747344
23.2947260805953,1849.52639644229,0.160252187327721,0.922999954602638,0.922999954602638
23.4999557262196,1596.99300990828,0.424493835509524,0.808764974478298,0.808764974478298
24.4709680477639,1835.28169475773,1.137402333911,0.566260439044867,0.566260439044867
21.3201361363167,1467.65501531737,7.04132858578428,0.0295797790029467,0.0295797790029467
22.0478700066014,2108.25451913423,2.69669964269142,0.259668406551802,0.259668406551802
22.9831360142511,2245.10041512067,3.98508919664468,0.136348032670247,0.136348032670247
22.3176261050487,1658.19250402026,1.60595223864878,0.447993695449119,0.447993695449119
24.6051049639473,1488.96744335737,1.48366982433166,0.476239256099971,0.476239256099971
21.3967647283211,1892.42690625057,3.25264389160012,0.196651540621967,0.196651540621967
23.9862363158724,1716.23704058541,0.173770245353203,0.916782407093153,0.916782407093153
25.0835708116988,2350.40851096786,11.1570876641618,0.00377806300933665,0
22.0206907674862,1740.18760726212,1.86236095707207,0.394088222988182,0.394088222988182
21.9832331792914,1922.43285518506,1.75768319711371,0.415263675209886,0.415263675209886
24.3374103822966,1757.00189749943,0.600349883321594,0.740688632047399,0.740688632047399
25.3430145138866,1564.18417095073,2.54161260774376,0.280605277417824,0.280605277417824
25.4350309247189,1797.20129181812,3.4011339766926,0.182579973982152,0.182579973982152
24.5168225366987,1298.76081451774,3.33024393559806,0.189167584220987,0.189167584220987
24.9236596077319,2116.39193127202,5.51114507881363,0.0635726114219551,0.0635726114219551
24.331313176264,1788.31476276458,0.686844739280325,0.709338545213585,0.709338545213585
22.4516718705231,2293.15263074485,4.74699730941327,0.0931542409578182,0.0931542409578182
22.3721868042096,1868.87588202399,0.958022451372108,0.619395531513992,0.619395531513992
24.6826220796463,1572.51483012242,1.17636346422102,0.555336117122435,0.555336117122435
23.3911671273341,1902.68180511245,0.388264321119643,0.823549056371705,0.823549056371705
23.594235881626,1516.47514502953,0.937536988504038,0.625772436304428,0.625772436304428
22.1176068069111,1436.5886357201,4.52630445848102,0.104022066003001,0.104022066003001
24.4339344141047,1822.86323973411,1.00374660236143,0.605395508683496,0.605395508683496
25.4355629334739,1639.17984494062,2.77031910085149,0.250283863708859,0.250283863708859
25.5222522830375,1750.27957428119,3.40627535930991,0.182111219998941,0.182111219998941
22.861203096054,1768.58435652305,0.31437045159042,0.854545760239664,0.854545760239664
23.8017004984884,1602.61986887877,0.351149263163102,0.83897478082214,0.83897478082214
22.8813043869818,1607.83146290489,0.919501389116838,0.631441047574713,0.631441047574713
23.708425318948,1716.20559318915,0.038108990961656,0.981125893858588,0.981125893858588
22.5979451159481,2044.52105982516,1.54241180577108,0.462455056038035,0.462455056038035
23.8637062332588,1369.10790672285,2.37152976436988,0.305512409107701,0.305512409107701
23.2366161359821,1898.48650562134,0.353326298864014,0.838062038655327,0.838062038655327
24.0495528094036,1833.23868519915,0.498938425152438,0.779214270459935,0.779214270459935
21.6916535419041,2015.77274631266,2.72284894080604,0.256295431546806,0.256295431546806
24.0663837031583,1673.95473063944,0.257180433188153,0.879334228300711,0.879334228300711
22.6212503147164,1842.50353327142,0.581487846600064,0.747707123877458,0.747707123877458
23.2127222572887,1816.77440898799,0.0984478152363836,0.951967952956506,0.951967952956506
21.7645516061287,1614.36686825846,3.46815743829289,0.176562789296998,0.176562789296998
22.237389115891,2051.96570433723,1.96476993977989,0.374417059733246,0.374417059733246
23.4059224336676,2040.10124607582,1.46056954725935,0.481771774656517,0.481771774656517
23.2299359457128,1925.05342841761,0.490382858294703,0.782554720119719,0.782554720119719
23.0025869643976,2146.70858336175,2.53374281016323,0.281711606002501,0.281711606002501
25.5680625417512,1889.6252727966,4.68354448876501,0.0961570733007716,0.0961570733007716
22.1503889738927,1430.84897142378,4.5108337008703,0.104829836264317,0.104829836264317
22.5633507207867,1606.68178087269,1.46047634603387,0.481794226039538,0.481794226039538
24.8300274582378,1443.84819058557,2.08737712350554,0.352153344045641,0.352153344045641
23.2707029604222,1631.64917102272,0.370037937844456,0.831088518849125,0.831088518849125
23.4830457832854,1594.90790652058,0.443368442391941,0.801168316366881,0.801168316366881
24.7246002587117,1760.53095463906,1.28491763009853,0.525997502134587,0.525997502134587
22.2315126115446,1522.2669752364,3.04960235106036,0.217664329558179,0.217664329558179
23.7088535276967,1789.50762841441,0.0865997180330113,0.957624194760909,0.957624194760909
23.5606404455003,1586.35351710062,0.462184033876592,0.793666431920013,0.793666431920013
22.3493533901263,2191.82110736966,3.28722482677138,0.193280570341129,0.193280570341129
24.3028215585751,1929.17861224949,1.50195306665869,0.471905496213767,0.471905496213767
24.3254988715248,1977.54546072568,2.00657395752209,0.366672214412974,0.366672214412974
23.3995230842674,1846.04642457615,0.149954768768427,0.927764468056044,0.927764468056044
22.195756001429,2170.54300992308,3.16159098498918,0.205811311714288,0.205811311714288
23.6733849458019,1591.06575705094,0.409611786312078,0.814805460378861,0.814805460378861
22.9109808562222,1634.58757949997,0.711475006710897,0.70065651608263,0.70065651608263
22.5599548702478,2108.06997222136,2.16364408051,0.338977332284415,0.338977332284415
23.16256613608,1587.32495531018,0.720853603062678,0.697378620281848,0.697378620281848
25.1204676967929,1698.15727417015,2.0111517537418,0.36583389884992,0.36583389884992
22.9151094247822,1651.79683039228,0.612700040674749,0.73612891426678,0.73612891426678
24.4935808869137,1670.0031678215,0.726180180649435,0.69552377071413,0.69552377071413
24.1220627369449,1680.2224909377,0.294807634352002,0.862945434858773,0.862945434858773
23.4172334205049,1873.54726667753,0.25521606234528,0.880198321840892,0.880198321840892
25.3768948717148,1705.67026902733,2.74685930587535,0.253236953634451,0.253236953634451
23.8114743313216,1623.51080901783,0.265900558276849,0.875508622069595,0.875508622069595
23.4448358335647,2085.76047759787,1.99722802660441,0.368389670687282,0.368389670687282
24.3732855662517,1696.35640781226,0.562303029139044,0.754913946353009,0.754913946353009
24.1796348633503,1705.11184000634,0.339819041341685,0.843741154276462,0.843741154276462
22.1750840223558,1724.95013066638,1.56128147402987,0.458112387683719,0.458112387683719
24.594642025562,1928.16878434334,2.09277623311202,0.351203968816032,0.351203968816032
23.7654768079571,1731.6092766569,0.0518021963944795,0.974431457871023,0.974431457871023
26.2241987687149,1740.59579184847,6.11201102715872,0.047075362048606,0.047075362048606
24.5115248546689,1579.58606250667,0.919165280469669,0.631547172890006,0.631547172890006
24.1791069223943,1668.93331099142,0.356450077582657,0.836754100168196,0.836754100168196
21.7856244281728,1765.03740555879,2.38238811477513,0.303858223207836,0.303858223207836
24.7898853875149,1602.77806538803,1.27227547378891,0.529332904017025,0.529332904017025
24.2432620266958,1882.87557756761,1.04318534657007,0.593574424608736,0.593574424608736
25.6391005657223,1370.40393037976,4.25888913644864,0.118903318195863,0.118903318195863
23.1803171447577,1826.63914989773,0.126307620025873,0.938799065887266,0.938799065887266
22.8497653852875,1365.88552036399,3.6926063765236,0.157819518275299,0.157819518275299
24.9339248863141,1674.75806998448,1.52706944343252,0.466016274467525,0.466016274467525
24.1778884006572,1617.93077042215,0.460320923450838,0.794406120498838,0.794406120498838
22.2634379035919,1586.97390893968,2.29202681760221,0.317901590223791,0.317901590223791
24.2727144282502,1735.77700549001,0.471500167666046,0.789978077557736,0.789978077557736
23.5144718323642,1271.40894151002,4.13469899852283,0.126520680841792,0.126520680841792
22.6024814788889,2044.14514498244,1.53606129998502,0.46392580155139,0.46392580155139
25.596649577872,1333.75918003772,4.47619173123324,0.106661408795176,0.106661408795176
22.351768108223,1634.11526575756,1.69567686465081,0.428339817490494,0.428339817490494
23.0749061778732,1471.01857936665,1.87757940017417,0.391100898409977,0.391100898409977
24.3353785913944,1562.29610579506,0.802070862762777,0.669626334831554,0.669626334831554
23.6558483694233,2271.79322159437,5.17346835520434,0.0752654427151123,0.0752654427151123
23.9209204269906,1754.34958954246,0.152729148766009,0.92647837469888,0.92647837469888
23.1223578357004,1428.42343989627,2.31726829847384,0.313914648766962,0.313914648766962
24.7746434530867,1339.84960584626,3.00996376975239,0.222021315739142,0.222021315739142
25.3739557855654,1862.55006183309,3.71531400305548,0.156037798730527,0.156037798730527
23.6640403997299,1745.36029241239,0.0207662237938384,0.989670606527185,0.989670606527185
22.7812621029521,1670.48155279168,0.697003291141267,0.705744753670131,0.705744753670131
25.142086536618,1517.6614957166,2.20726837715564,0.331663562915944,0.331663562915944
24.3557389246197,1378.13533967118,2.26914197255286,0.321560045419051,0.321560045419051
25.2695471559259,1481.20406903303,2.64979500087504,0.265830205172271,0.265830205172271
22.971967098811,2000.00699609648,1.01370129963551,0.602389730781179,0.602389730781179
23.8937243339377,1594.68355864969,0.40352845748749,0.817287598152033,0.817287598152033
24.0906981895103,1403.89334723042,1.91777235989567,0.383319597345068,0.383319597345068
23.4343076102253,2217.32374687654,3.88153760190457,0.143593512501848,0.143593512501848
24.1073830004707,1856.27633824667,0.683906851428548,0.710381289439871,0.710381289439871
22.6404006459772,1690.3366966478,0.816369549068227,0.664856019010904,0.664856019010904
22.9613727008817,2014.62057780569,1.1314403674514,0.567950970388275,0.567950970388275
23.3502957088985,1971.60599063912,0.82068991113348,0.663421359768939,0.663421359768939
27.2691938389065,1595.19487244128,10.7080424976633,0.00472909584119641,0
24.0155555343478,2301.5278529861,6.49409115991295,0.0388889325175187,0.0388889325175187
22.7659060950511,1686.24190466992,0.647064835973498,0.723588500259746,0.723588500259746
24.5156575994667,1393.87705082733,2.1946835694193,0.333757103796842,0.333757103796842
24.8820160315578,1713.90221836118,1.48088311188669,0.476903289540983,0.476903289540983
23.8984584458519,1801.88535518222,0.236076559097972,0.888662034381643,0.888662034381643
22.988408369979,2326.99525835126,5.46782518724769,0.0649646116419234,0.0649646116419234
24.0072337027649,1776.45147127842,0.262638616702384,0.876937716144714,0.876937716144714
22.7729347388871,1864.24883051675,0.455471958580035,0.796334480877903,0.796334480877903
21.8640533030021,1730.70909921655,2.31903140370224,0.313638038428903,0.313638038428903
22.5507043154942,1666.49805673938,1.08788202288915,0.580456154400906,0.580456154400906
22.1482035065242,1741.31630778093,1.55402726671276,0.459777025883787,0.459777025883787
23.5464559836572,1946.91047984242,0.729188602108228,0.694478342864685,0.694478342864685
21.7445270095375,2268.8097715474,5.01955984197729,0.0812861266428869,0.0812861266428869
24.1642444555723,2006.84983005261,2.0180448607611,0.364575203069046,0.364575203069046
23.1694069625732,2051.97734372131,1.47842529853601,0.477489719436995,0.477489719436995
21.597409597472,1442.16531233764,6.29229621152867,0.0430175070364859,0.0430175070364859
23.1204930575395,1995.97391500188,0.968215050608109,0.616246936210545,0.616246936210545
23.7466315045923,1804.98173628909,0.14158045954255,0.931657305597,0.931657305597
24.7271796487905,1383.18851718502,2.49412801547853,0.287347208778736,0.287347208778736
22.4463156902214,1880.25433319891,0.86631980033749,0.648456795163671,0.648456795163671
21.2552262161215,1710.30765550804,4.4612366521171,0.107461963056688,0.107461963056688
22.4624505830651,2116.14610524438,2.31488941740545,0.314288253720874,0.314288253720874
24.0927717602484,1558.47995824526,0.655140966643732,0.720672494094024,0.720672494094024
21.3993261854373,1642.44342503171,4.48566076365064,0.10615761218408,0.10615761218408
24.7240093894458,1518.47399138114,1.46425531807776,0.480884742083177,0.480884742083177
22.3307406320955,1705.72202544012,1.31173164176832,0.518992513443752,0.518992513443752
23.8009651139265,1850.50368371998,0.339145187805603,0.844025481152613,0.844025481152613
24.9124882527112,1567.0647484124,1.57942307700613,0.453975730915416,0.453975730915416
21.8326433707686,1957.59115562769,2.17378759398725,0.33726247406293,0.33726247406293
25.9556889295928,1447.98245940641,4.69860250546507,0.0954358244443611,0.0954358244443611
24.2570281384726,1488.00443733701,1.19328935398121,0.550656169176074,0.550656169176074
22.9065219180061,2110.28939949541,2.07717625877284,0.353954066687828,0.353954066687828
24.3911046081118,1496.03890930749,1.2275910370126,0.541292479594286,0.541292479594286
25.1303804459469,1852.99655040964,2.85279249656768,0.240172888007005,0.240172888007005
24.355376525243,1654.73211195581,0.556614399881464,0.757064215705724,0.757064215705724
25.0426684173126,1852.35319025437,2.59197017580657,0.273628183709924,0.273628183709924
20.7167477618281,2172.21494917191,6.55085141293119,0.0378007737697993,0.0378007737697993
24.9003436404846,2146.65036439925,5.96507912603539,0.0506640059150381,0.0506640059150381
25.9405647786994,1667.2767430209,4.54523483730597,0.103042122437008,0.103042122437008
23.6495243368642,1178.68989282752,5.70901491891107,0.0575841766789199,0.0575841766789199
21.5064030619876,2374.41380619164,7.06176877045035,0.0292790104892781,0.0292790104892781
23.4479615431028,1916.7668853629,0.483388644945012,0.785296188264199,0.785296188264199
23.5101296820922,1885.33219665821,0.33580999889975,0.845434147578828,0.845434147578828
22.7107493263163,1746.64884781223,0.525867146273125,0.768792964120277,0.768792964120277
21.7630275899874,1877.52465300777,2.21662531945176,0.330115508593384,0.330115508593384
25.3089194664855,1708.90883118079,2.55688509743944,0.278470667389095,0.278470667389095
21.9020561953198,1855.17137330674,1.87869660582463,0.390882489350812,0.390882489350812
23.4452828437165,1649.93797029116,0.198618055811864,0.90546285149514,0.90546285149514
24.419996910074,1407.44862567816,1.99262360168722,0.369238758992566,0.369238758992566
21.7183232107537,1996.95734836079,2.57641413798839,0.275764767319237,0.275764767319237
21.8621459549413,2129.93460842291,3.19279952168713,0.20262470377923,0.20262470377923
22.2229274143754,1672.81261673853,1.72848329539633,0.421370979145057,0.421370979145057
24.32042230454,1436.67807167043,1.65550944075263,0.437029438845513,0.437029438845513
22.3924528547979,1910.55896535625,1.01491756636345,0.602023508854951,0.602023508854951
23.1937836851765,1738.82219720631,0.0894525570599672,0.956259194685739,0.956259194685739
24.7601251983677,1316.6963052411,3.27154142522253,0.194802176933807,0.194802176933807
21.5733088621416,1750.52988351943,3.08787244665567,0.213538908152303,0.213538908152303
23.5748805780498,1592.42463292535,0.42343407488693,0.80919363667454,0.80919363667454
23.6963213587912,1664.75795092893,0.119249953412828,0.942117783455741,0.942117783455741
23.382911757951,1460.8559817686,1.61747058432722,0.445421037627508,0.445421037627508
22.3516000833583,2200.78479354828,3.40321373714658,0.182390211359662,0.182390211359662
24.4059450780789,1667.21822851156,0.60776171553486,0.737948782078674,0.737948782078674
24.2004986216623,1348.62174019786,2.58050126713768,0.275201799636135,0.275201799636135
20.5645899849542,1799.29378914602,6.83243812540296,0.0328363527194631,0.0328363527194631
23.4742860838016,1815.79403889558,0.0745311797230135,0.963420226722601,0.963420226722601
24.2190372430461,1503.5438444321,1.05963131689157,0.588713484034829,0.588713484034829
23.8508016275019,1027.76854441098,8.88510368971831,0.0117658754890901,0.0117658754890901
23.3161950444827,1589.87887034503,0.57140360107999,0.751486675458836,0.751486675458836
23.8617432703474,1892.62785291589,0.615247011109107,0.735192061637123,0.735192061637123
24.7104991222294,1735.07107960117,1.17585555498142,0.555477165204067,0.555477165204067
22.6101248572222,1725.45382733489,0.728406292340414,0.694750044595529,0.694750044595529
23.1454192813414,1890.20497375059,0.328644027241966,0.848468759387944,0.848468759387944
23.4460740493001,1453.38449471653,1.64024648493517,0.440377377966751,0.440377377966751
23.3805579792973,2024.1947719152,1.28779002669449,0.525242607636133,0.525242607636133
25.3127668181116,1748.66688999283,2.72949690775894,0.255444924086722,0.255444924086722
23.1413461162325,1926.82754568415,0.505062443726021,0.776831958319695,0.776831958319695
20.4663979942255,2008.52274167591,6.78423576544436,0.0336373614207462,0.0336373614207462
25.012633834537,1805.87266702106,2.18671995872209,0.335088708954787,0.335088708954787
24.9307876089742,1530.32482369858,1.74197050314422,0.418538979850802,0.418538979850802
24.4990524604354,2040.74348182526,3.13752616663665,0.208302676129962,0.208302676129962
24.700247103436,1249.95940409344,4.13398090023546,0.126566116140171,0.126566116140171
22.2039166092012,1613.79989255017,2.20521278965272,0.332004619891588,0.332004619891588
23.7702981946958,1686.0825915622,0.0888736924328285,0.956536007054118,0.956536007054118
23.8465432562167,1708.47018896809,0.092913059083936,0.954606056830564,0.954606056830564
24.5040766188273,2005.11823686522,2.70190640125594,0.258993270400979,0.258993270400979
23.3739815087924,1784.05535882676,0.0228161093486125,0.988656770437774,0.988656770437774
22.2024645178378,1851.79008535407,1.23768625617011,0.538567130524862,0.538567130524862
21.0507804497198,1732.58233333982,5.11342721875021,0.0775592119348826,0.0775592119348826
22.1582271220158,1688.08160920756,1.78976392243783,0.408655833030442,0.408655833030442
24.1752758441361,1923.88922728237,1.24073154662975,0.537747707855955,0.537747707855955
23.5929048772525,2036.55797156191,1.56697927939224,0.456809127386505,0.456809127386505
23.7955164427438,1149.22488108651,6.14387366963886,0.0463313317626738,0.0463313317626738
23.2819046586631,1893.18490641609,0.328131428183601,0.848686249401605,0.848686249401605
23.0483592958658,1843.68061888618,0.216225154923772,0.897526549481821,0.897526549481821
25.1083233465178,1643.6853707986,1.90298073183542,0.386165067113624,0.386165067113624
23.5870426939763,1987.75394983093,1.08635308791125,0.580900063915285,0.580900063915285
24.6709899909525,1652.69232907142,1.00973041375143,0.603586929311926,0.603586929311926
24.6313868973613,1678.91896282706,0.94306374459772,0.624045577572276,0.624045577572276
23.9449081399718,1964.35370514473,1.25196960342216,0.534734561620603,0.534734561620603
23.26672531311,2179.90755212668,3.12916926444197,0.209174879636449,0.209174879636449
23.3981876874117,1817.5137351716,0.0729617745328691,0.964176521769191,0.964176521769191
22.9746489225293,1644.45288676966,0.579496871729565,0.748451827534592,0.748451827534592
24.5336907930189,1452.72256916771,1.6732554882727,0.433168819264462,0.433168819264462
24.5716537691256,1667.24325809202,0.844046606709246,0.655718758768629,0.655718758768629
22.1047011621522,1515.03983434334,3.49527679930943,0.1741848130192,0.1741848130192
22.5143477886405,1685.26511142483,1.0548165172423,0.590132460109116,0.590132460109116
22.5785375396069,1848.59357009707,0.64112908009815,0.725739212552728,0.725739212552728
21.9776676439693,1537.0327460112,3.61556079417379,0.164017787432194,0.164017787432194
23.5118685248283,2412.2934347794,7.97406447541602,0.0185546984236117,0.0185546984236117
21.1921938486395,1788.99932620582,4.22199312708955,0.121117205278868,0.121117205278868
21.7037820744645,2032.54966621333,2.7815464121419,0.248882792529358,0.248882792529358
24.0791855208559,1177.71846667304,5.3343517249628,0.0694480795465647,0.0694480795465647
22.5193565176569,1935.24919449355,0.938874389783743,0.625354121755061,0.625354121755061
23.9592810689384,1420.93860232976,1.73626409497413,0.419734862214803,0.419734862214803
23.2535309114602,1979.95111373549,0.858321161389154,0.651055373862331,0.651055373862331
25.0682170110444,1849.53530286907,2.64301985656894,0.266732251183097,0.266732251183097
22.8491737112209,1648.11655301467,0.717519222034606,0.698542253031485,0.698542253031485
20.6224084485294,2081.06090085931,6.3432104616699,0.0419362265206893,0.0419362265206893
21.4902127604421,1574.68841816568,4.8588768643973,0.0880862851170598,0.0880862851170598
23.5461642038403,1604.84612620014,0.36594308381341,0.832791855068177,0.832791855068177
24.0186651597171,1499.73214391918,1.01378312896548,0.602365084711349,0.602365084711349
23.5678198324755,1582.95502917883,0.479584646580087,0.786791242317353,0.786791242317353
21.8660395192407,1986.29422889207,2.20652598596051,0.331786697822524,0.331786697822524
21.7074711329458,1858.42294686236,2.37050936578255,0.305668321092744,0.305668321092744
22.6508424603041,2001.28908906153,1.17676348446783,0.555225055384225,0.555225055384225
22.4348574173628,1652.46838004255,1.39380967179327,0.498124697907713,0.498124697907713
23.3791227434671,1844.09262042027,0.142387697858497,0.931281346736998,0.931281346736998
22.8568538317606,1811.04035833803,0.307343902054363,0.857553294350569,0.857553294350569
22.7711125075666,1393.43358533095,3.4399522486322,0.179070423289277,0.179070423289277
18.7998262907054,2194.60093967396,16.4093069150139,0.000273378450413505,0
23.5054040112297,1783.61200992899,0.0209924538614323,0.989558666234264,0.989558666234264
23.9260101276192,1941.40092141625,1.03256266457431,0.596735488097284,0.596735488097284
22.6293550490829,1988.78338747365,1.11103080647157,0.573776458730764,0.573776458730764
23.9649905811987,1737.35928627568,0.167251020748568,0.9197756380418,0.9197756380418
22.926090374257,1673.5450310577,0.497107744680463,0.779927843165225,0.779927843165225
22.7685326905034,1973.41782720385,0.915103156318809,0.632831187917418,0.632831187917418
22.4764747735267,1488.1731547727,2.82912941409112,0.243031380274837,0.243031380274837
23.7633162975782,2242.83602956251,4.80734198891444,0.090385538705072,0.090385538705072
24.9747051517987,1654.09408746987,1.60058518327117,0.449197513452315,0.449197513452315
21.1203485008659,2163.53357673669,5.19348197387883,0.0745160316406373,0.0745160316406373
22.6482014735443,2128.05277842785,2.33754092333292,0.310748784014278,0.310748784014278
24.4777284223018,1770.74305089162,0.857724733909467,0.651249556472738,0.651249556472738
24.4499074408488,1891.80711162584,1.4747267555859,0.478373544519162,0.478373544519162
24.5151839676249,1493.86384871202,1.3547992625458,0.507936097685959,0.507936097685959
22.7236791314338,1830.75059034847,0.452977867227434,0.797328165805642,0.797328165805642
23.6604141338558,2010.90403918782,1.36714632199137,0.50480999855119,0.50480999855119
21.9897724227242,1774.7672687258,1.81036767377364,0.404467522217803,0.404467522217803
23.4144168944607,1636.46534511981,0.265700535098041,0.875596187457128,0.875596187457128
23.5476423597857,1586.05419340415,0.46841912165707,0.79119599483318,0.79119599483318
23.5313780815762,1741.01942155925,0.00153128242370224,0.999234651816592,0.999234651816592
23.398456873963,2017.29088698014,1.23165849522649,0.540192755972176,0.540192755972176
23.8773615435153,1629.00656146187,0.262348029519377,0.877065138831644,0.877065138831644
22.2809630354971,1719.74544422281,1.35208615289547,0.508625608423972,0.508625608423972
25.4848834855085,1426.46734664592,3.46708742186503,0.176657277113172,0.176657277113172
22.1112275410328,1873.57630329441,1.42541155072522,0.490315716799935,0.490315716799935
23.3611614526039,2076.97599496369,1.8335857921315,0.399799184748696,0.399799184748696
22.0959526313756,2124.2589639656,2.78095002991711,0.24895701823229,0.24895701823229
23.2381319599281,1953.6757851522,0.667152791647332,0.716357169853436,0.716357169853436
25.7228726570847,1282.55516241463,5.30732249322058,0.0703930144988269,0.0703930144988269
22.9269938911135,1870.50676771132,0.352695708698519,0.838326317155819,0.838326317155819
24.017201405355,1864.03502029865,0.615620181889995,0.735054898335983,0.735054898335983
22.4090857693838,1661.64795686351,1.38914992892472,0.499286617448043,0.499286617448043
24.3389563718945,1792.62381920939,0.714208630006126,0.699699504771563,0.699699504771563
25.8049374898909,1533.99414644018,3.94271595011876,0.1392676058102,0.1392676058102
24.1642541697673,1919.80919105124,1.19068752884972,0.551372990866037,0.551372990866037
24.2577508468082,1668.22574941069,0.434205068679061,0.804847440573317,0.804847440573317
25.0328231202123,1357.73090203659,3.14418038976908,0.207610781530452,0.207610781530452
23.9073632587988,1658.13772757586,0.191466259954134,0.908706490234612,0.908706490234612
23.6066632216143,2091.10977619542,2.21609631263373,0.330202836819573,0.330202836819573
24.083867753863,1666.43037907733,0.280453181362466,0.869161269240202,0.869161269240202
22.8474323490378,1933.18693539751,0.644501008026819,0.724516673261041,0.724516673261041
24.3966562062531,1986.64845055922,2.25009781112557,0.324636590434962,0.324636590434962
22.6651242723111,1751.09834307001,0.57788943099867,0.74905361531309,0.74905361531309
23.6437326974412,1661.9194280965,0.124137539285878,0.939818253602986,0.939818253602986
23.7537779759428,1617.57618975429,0.282038694865332,0.868472508821736,0.868472508821736
25.4357716859256,1934.90087703867,4.69325505311324,0.0956913351368951,0.0956913351368951
24.2555229527766,1484.13617435689,1.22168063284358,0.542894474201332,0.542894474201332
24.010473752706,1811.55368523728,0.369362372844775,0.83136929342431,0.83136929342431
22.6872091183396,1677.62367258358,0.801719404733287,0.669744017947487,0.669744017947487
22.881704328743,1183.77522201495,7.06410549106915,0.0292448220316316,0.0292448220316316
22.7141675325595,1397.78522693531,3.50082685014465,0.173702115794006,0.173702115794006
24.3537466864293,1979.00678448836,2.078611715353,0.353700114985839,0.353700114985839
24.4489477908575,1702.18165828979,0.670289436942662,0.715234571208675,0.715234571208675
23.2767897890215,1950.82096100629,0.65327773372638,0.721344197287131,0.721344197287131
23.906325974727,2221.87047397968,4.68543256963433,0.0960663399702019,0.0960663399702019
24.6686810916087,2118.47310851412,4.74614335178082,0.0931940243380747,0.0931940243380747
22.3618071546601,1919.31573539903,1.0849284872985,0.581313986609914,0.581313986609914
23.2733159024015,1844.99055212329,0.149016955500073,0.928199604981392,0.928199604981392
22.9037739607482,1701.79931601112,0.4146536777263,0.81275396698958,0.81275396698958
24.1873324650845,2144.47505835904,3.9371145343193,0.139658200409341,0.139658200409341
23.6346230258398,1899.05912433142,0.471404608035204,0.790015823466207,0.790015823466207
25.2530689686729,1456.60781863552,2.74910619978297,0.252952615099835,0.252952615099835
24.4712547796437,1711.09082070084,0.712153455438345,0.700418876630598,0.700418876630598
24.0163738927045,1270.27214300896,3.73475305843647,0.154528531588479,0.154528531588479
24.4712959923565,1701.18671760653,0.702339473835473,0.703864271963636,0.703864271963636
25.6257169543197,1101.91982458846,7.70709673887317,0.0212043618794576,0.0212043618794576
24.4058834958958,2078.50283222659,3.43267773871159,0.179722934029219,0.179722934029219
25.3260564934232,1591.11676472926,2.46090699602812,0.292160053629325,0.292160053629325
24.6176324659091,1642.50680337837,0.929388357615598,0.628327231593039,0.628327231593039
21.7004510173823,1707.66742922395,2.93160042457127,0.230893153994086,0.230893153994086
23.9736481371528,1903.05569317979,0.804665194121786,0.668758281658029,0.668758281658029
24.4486351378715,1919.58699630129,1.69928978511249,0.427566737124612,0.427566737124612
24.8131776148249,1891.99045774222,2.29801500280559,0.316951186932165,0.316951186932165
23.8941192923195,1606.86461318363,0.350498553679482,0.83924778965529,0.83924778965529
24.4771385990503,1409.17787685066,2.01380449648663,0.365348988895857,0.365348988895857
23.3792366806967,1652.81899690109,0.214643925201252,0.898236427893451,0.898236427893451
23.6986641451755,1819.47902885155,0.157159194950833,0.924428474830198,0.924428474830198
22.8783190263996,1544.22819811122,1.43030961852903,0.489116386186963,0.489116386186963
22.7383535120911,1732.78850366312,0.523270297217199,0.769791832098825,0.769791832098825
22.8096751212698,1458.08256660109,2.47871831088202,0.289569727675679,0.289569727675679
23.2364577465968,1747.92231945247,0.0593622931257587,0.970755012779055,0.970755012779055
22.2271718220457,1782.21189630496,1.2584078571395,0.533015950928083,0.533015950928083
23.6422492690352,1713.53122712486,0.0271400169575361,0.986521649020193,0.986521649020193
22.5431270432614,1709.02062488379,0.897215958026438,0.638516361450529,0.638516361450529
22.9677056246747,2190.88827771468,3.13507389627964,0.208558240014859,0.208558240014859
23.9418594374928,1940.6478231627,1.04599340768882,0.592741612760772,0.592741612760772
24.392588012781,2027.85990968732,2.72392572051088,0.256157481825937,0.256157481825937
24.6462226050773,1519.19950491447,1.35486870744715,0.507918461206054,0.507918461206054
24.2547769142732,1791.08677245507,0.587529380081909,0.745451883058856,0.745451883058856
22.4067092617607,2038.70528658495,1.66548652888552,0.434854727064185,0.434854727064185
23.5797073775421,1735.86973522788,0.00590902557239756,0.997049847491481,0.997049847491481
25.0425782391162,1217.66094328385,4.93150172266663,0.0849450364766603,0.0849450364766603
24.3465898645687,1836.21301580233,0.92592628623528,0.629415830385876,0.629415830385876
22.6041697314211,1273.75848604101,5.91707380765544,0.0518947887222453,0.0518947887222453
24.0839395286326,1547.20787687228,0.714047244965328,0.699755967566157,0.699755967566157
24.3390133823328,2081.0032701593,3.31249742861089,0.190853585243574,0.190853585243574
23.7250089772066,1903.90996636589,0.563916759598041,0.754305078208734,0.754305078208734
22.9610725698263,2022.91707527165,1.20044589332486,0.548689294009844,0.548689294009844
22.4643848650268,1826.64975459512,0.787963996583731,0.674366195874611,0.674366195874611
23.6371460453579,1722.46045831354,0.0193484787911676,0.990372405519147,0.990372405519147
23.747146950096,1518.92161058367,0.866865204902527,0.648279983625066,0.648279983625066
24.0019913915279,2148.23026112565,3.61780130607411,0.163834148410449,0.163834148410449
22.6091563559351,1761.25125296086,0.63631525183988,0.72748810839423,0.72748810839423
23.6765678182119,1571.2177246516,0.521389314009562,0.770516155410208,0.770516155410208
22.3462335520057,1966.30448262624,1.29172069010719,0.52421134540394,0.52421134540394
21.3749117758764,2018.60752702501,3.54726523559061,0.169715356669041,0.169715356669041
22.5456351965192,2223.91337979064,3.6255197371144,0.163203095589811,0.163203095589811
24.0508603081502,1599.25116956276,0.443438324604224,0.801140323148761,0.801140323148761
24.4972707248401,1652.28439032042,0.741525068879678,0.690207822687199,0.690207822687199
24.2982018602998,1645.94550287519,0.505482627701371,0.776668769292436,0.776668769292436
24.6529015132,1656.08724854509,0.978079707303558,0.613214887654334,0.613214887654334
23.2412515218604,1658.34161491832,0.271252369627156,0.873168975312252,0.873168975312252
25.2267809669402,1676.0832104884,2.24152254631598,0.326031501094989,0.326031501094989
24.8360890649309,2110.45816312522,5.1251345309415,0.0771065331866203,0.0771065331866203
24.5104373280887,1575.61659731516,0.931958140890424,0.627520417632862,0.627520417632862
22.4669551220891,1652.95622218173,1.32633497655094,0.51521680399423,0.51521680399423
23.1043631462715,1913.13389764712,0.44089143354951,0.802161181575902,0.802161181575902
23.5917546741999,2031.1939783192,1.50939552069842,0.470152692044218,0.470152692044218
23.0750155267131,1556.97112509063,1.04450342818417,0.593183363717593,0.593183363717593
24.0884414104364,1622.97906230523,0.381688987371358,0.826261066974493,0.826261066974493
23.4165604333522,1880.90534924547,0.287399015380266,0.86614797976556,0.86614797976556
23.0129004947984,2004.43842864179,1.04115075930941,0.594178571335222,0.594178571335222
22.4072259452655,1687.20694375595,1.2485138072493,0.535659327166598,0.535659327166598
22.6554185126194,1392.49937157431,3.71561520323328,0.156014301193576,0.156014301193576
21.4107710392714,2177.27800906363,4.56592992186122,0.101981387184687,0.101981387184687
21.8529652302766,2108.76567624263,3.01797556014487,0.221133700650447,0.221133700650447
23.4230717266118,1572.40663579929,0.613177503048886,0.735953198312515,0.735953198312515
21.4660420007115,1733.72981054632,3.53726422052096,0.170566145002742,0.170566145002742
21.9648871697651,1310.12923383833,7.26916668180076,0.0263949297842774,0.0263949297842774
21.8160540296821,1892.42841322266,2.0896994425029,0.351744675156008,0.351744675156008
23.0957945919049,2153.08708474106,2.64791651071261,0.266080002176858,0.266080002176858
25.2947641437438,1340.68166201182,3.7623865772601,0.152408130314832,0.152408130314832
23.6003702105121,1555.10753335676,0.644956685423082,0.724351619129004,0.724351619129004
24.364986507539,1589.7067402023,0.719395155774685,0.697887350727165,0.697887350727165
23.4710817085228,1579.7166694004,0.539559964809428,0.763547469735582,0.763547469735582
24.9166646729067,1241.67956646226,4.43731532252677,0.108754996932606,0.108754996932606
22.2899565511959,1875.23927433117,1.09968427831696,0.577040895352255,0.577040895352255
21.7131981760542,1367.04662569163,7.14012308413812,0.0281541209641265,0.0281541209641265
22.4535097915349,1743.74889976497,0.929910837275653,0.628163108932477,0.628163108932477
22.4498060818745,1898.24487943492,0.901925531108932,0.63701456062037,0.63701456062037
23.5383387893631,1700.45107912336,0.0406769380430453,0.979866962560976,0.979866962560976
20.753106541464,1972.99827390621,5.55171453925936,0.0622960492810005,0.0622960492810005
23.5975075774996,1743.57137182746,0.00699506948965044,0.996508574505307,0.996508574505307
22.2507195270596,1588.08247395178,2.31365206561741,0.314482756448094,0.314482756448094
21.5149839891564,1911.58709135396,2.89940312557886,0.234640303043272,0.234640303043272
23.4977713869495,1641.5415337658,0.213931621524844,0.898556393423161,0.898556393423161
26.3563062993602,2193.1585009264,13.7255912558495,0.00104598565464212,0
23.8688911254653,1745.43565075984,0.109187543510814,0.946869715059392,0.946869715059392
22.657920152889,1963.20294686381,0.936224522034134,0.626183223746092,0.626183223746092
24.8471649170458,1801.29301262434,1.74277842702199,0.418369940178099,0.418369940178099
26.1183032444495,997.990114428981,10.7154852226469,0.00471152986626506,0
23.0531090031935,1408.47042779158,2.68778602689928,0.260828281506516,0.260828281506516
26.7338763264878,1643.97933783209,7.99726340976374,0.0183407172413921,0.0183407172413921
23.1493061595714,1809.20050637418,0.110626515638786,0.946188700514611,0.946188700514611
24.7319570172578,1164.31969169335,5.56073195494925,0.0620158068352956,0.0620158068352956
23.8370459739005,1990.42531313269,1.35854200414332,0.506986449753958,0.506986449753958
23.6723511596368,1598.89345545992,0.36934315724522,0.831377281092394,0.831377281092394
23.7414528433321,1561.7805846359,0.569791923775415,0.752092496532835,0.752092496532835
23.8515468897555,1361.09666872965,2.48094103272267,0.289248089957531,0.289248089957531
23.9456319944443,1386.52634800581,2.12919181854297,0.344867184246172,0.344867184246172
24.0640810605321,1764.08389761406,0.28967301022809,0.865163731393805,0.865163731393805
23.0129644956207,1877.34189840251,0.326270442504916,0.849476313396963,0.849476313396963
22.8183106894381,1225.52682664627,6.32684881516136,0.0422807065215905,0.0422807065215905
23.1705675006006,1498.90833522534,1.45385939017911,0.48339087137845,0.48339087137845
21.6449968298404,1883.94030540482,2.5282084003406,0.282492239330259,0.282492239330259
23.982473313873,1636.74121085757,0.280801836265472,0.869009763777354,0.869009763777354
21.9948143664344,2291.34110298681,5.02879818778483,0.0809115178267701,0.0809115178267701
22.4500363086533,2061.43578551369,1.80525457864358,0.405502885590795,0.405502885590795
24.0763580169981,1898.87581183768,0.907035025342334,0.635389226551102,0.635389226551102
24.3933026352965,1751.22254482237,0.667312847464219,0.716299843581315,0.716299843581315
21.3385173691683,1819.8369158712,3.57600349419724,0.167294131869837,0.167294131869837
24.6889953062512,1573.5249193192,1.18265105657416,0.553592995006707,0.553592995006707
22.2068553596901,1907.00262111069,1.2982601701508,0.522500109760421,0.522500109760421
23.1996144503512,2120.05395675955,2.26188108810178,0.322729572251243,0.322729572251243
24.2711581017475,2020.85940481263,2.38180201218604,0.303947282302308,0.303947282302308
25.5067286618039,1546.69162617021,3.01518969047196,0.221441940114503,0.221441940114503
25.4696176818524,1345.28290303191,4.0759457304021,0.130292563945624,0.130292563945624
25.6809920383411,1722.58949460059,3.8146229372203,0.148479041020384,0.148479041020384
24.2925039516109,1860.22389293727,0.975910211378994,0.613880432162922,0.613880432162922
21.8927883732344,2087.7467880252,2.77270394550538,0.24998559750668,0.24998559750668
24.6641690618529,1420.34864763851,2.07625864252547,0.354116500949264,0.354116500949264
21.4508342920512,1841.09310263658,3.14913706881387,0.207096888588938,0.207096888588938
23.5958416723893,1808.37526156595,0.0843389384856796,0.958707295405297,0.958707295405297
24.0504010157041,2048.49046012671,2.30535915550518,0.315789452269199,0.315789452269199
23.8230644377246,1743.02300601774,0.0817725177386765,0.959938308207193,0.959938308207193
24.288456289667,1660.67631925039,0.474604795521403,0.788752734889684,0.788752734889684
24.4452608247304,1463.29724443459,1.51225777381698,0.469480325275445,0.469480325275445
23.6412189657231,1620.64477389763,0.271323545670308,0.87313790150885,0.87313790150885
23.5547291465213,1659.46891265785,0.137895884545389,0.933375268208683,0.933375268208683
21.7285949330156,2337.63725154284,6.10027244242071,0.0473524735405205,0.0473524735405205
21.9299253426344,2361.63189758248,6.27675191603507,0.0433531480932469,0.0433531480932469
22.715516115729,1708.32281823742,0.630971550255271,0.729434447078439,0.729434447078439
23.7726215495421,1489.08290847097,1.10671107230081,0.575017078923407,0.575017078923407
25.1734726348037,1256.76768137425,4.54350386609863,0.103131342514325,0.103131342514325
22.8016624591676,1878.66712039731,0.466802389862187,0.791835829268923,0.791835829268923
23.4840036836895,1477.35588048447,1.35962371343767,0.506712317915976,0.506712317915976
23.0284592588195,2321.16553913052,5.3825725344374,0.0677936824745466,0.0677936824745466
24.2795789295317,1528.59628737418,0.934930996115967,0.626588346855999,0.626588346855999
22.2552862818703,1777.77468696637,1.21178084175033,0.545588406983971,0.545588406983971
20.5067618154619,2702.56681955191,16.3150951293912,0.000286564314180742,0
23.8181898399682,1472.77229990486,1.24277001264866,0.537199896862297,0.537199896862297
23.8068731385696,1826.89234396014,0.248468760782691,0.883172818231911,0.883172818231911
22.1318658060581,1473.27348445405,3.95550181461906,0.138380117291207,0.138380117291207
24.7239654445506,1836.91559309259,1.6676468016109,0.434385278241009,0.434385278241009
24.8487370854752,1531.68546534988,1.59419974199419,0.450633967502316,0.450633967502316
22.5374735725622,1769.32429008778,0.728549676894386,0.694700238168286,0.694700238168286
24.6328459075214,1675.78446204772,0.944335129595466,0.623649002542899,0.623649002542899
22.9939862476138,1454.18787295741,2.19854958634634,0.333112571634198,0.333112571634198
24.5267818412372,1752.82482221602,0.885626851468607,0.642227018945013,0.642227018945013
22.5126877697563,1997.89931392787,1.27374197445046,0.528944912754809,0.528944912754809
23.0618354871957,2148.49218256782,2.57384692567016,0.276118967951458,0.276118967951458
23.0717629513766,1406.82061851472,2.67958567676585,0.261899918571517,0.261899918571517
22.1431014334955,1687.59493590439,1.82910007075808,0.40069688495468,0.40069688495468
23.1496149083839,2039.85631314006,1.35497047253946,0.507892617679005,0.507892617679005
23.2716178487202,1471.44333449778,1.6197959157971,0.444903462791007,0.444903462791007
26.4838790859758,1117.8779837986,9.6324964085311,0.00809710892167872,0
24.162279745151,1516.02482104472,0.944927590477438,0.623464286084525,0.623464286084525
25.2131574128306,1508.19225756955,2.39999553116231,0.301194884906976,0.301194884906976
23.2569074875292,1761.87178952003,0.0440661132120277,0.978207898283648,0.978207898283648
23.6768346506549,1649.06582616737,0.163199233385165,0.921640894463135,0.921640894463135
23.6651679748871,1807.87444449679,0.108909892443764,0.947001173877473,0.947001173877473
23.8753399153319,1644.40722824759,0.213862366511831,0.89858750872924,0.89858750872924
22.3077917123859,1843.52793054658,1.044904050312,0.593064554426716,0.593064554426716
23.815197526988,1658.49882632603,0.157680781629627,0.924187421475135,0.924187421475135
20.9917922270405,2047.52211010759,4.85456413641398,0.0882764361541876,0.0882764361541876
25.8818076381117,1565.67145774793,4.16950519302462,0.124337877985492,0.124337877985492
22.9899568353543,1822.66603130709,0.213583374556675,0.89871286681548,0.89871286681548
21.5365234454191,1528.78389998598,5.25421679723525,0.0722871860474075,0.0722871860474075
24.6615191648041,1802.00361131207,1.33319245636751,0.513453284629266,0.513453284629266
24.3917486599653,1738.06885315745,0.636301764262219,0.727493014436952,0.727493014436952
24.6095371852323,1328.87053563467,2.99567127496035,0.223613617704076,0.223613617704076
23.4571668283293,1713.94320000321,0.0292145994316148,0.985498869310437,0.985498869310437
23.2895020748268,2045.05383493103,1.44987915726649,0.48435383339186,0.48435383339186
23.7337221413867,1920.35079087101,0.677715080811015,0.712583956280137,0.712583956280137
21.3315281244624,1785.80852978134,3.73130801927894,0.154794939390075,0.154794939390075
23.8431698490445,1451.92067504956,1.4365158797696,0.487600946671551,0.487600946671551
21.8354674394855,2042.3052482219,2.5596701041507,0.278083165911481,0.278083165911481
26.7257623334593,1769.80563924582,8.84058741105289,0.0120306982831985,0.0120306982831985
22.4439461406017,1637.05458294565,1.47758706183921,0.477689886083411,0.477689886083411
21.4052904135144,2160.5047525288,4.41760099016548,0.109832313933704,0.109832313933704
24.3367567354257,1557.60276588334,0.825182797130882,0.661932694227286,0.661932694227286
23.6250873532236,1825.84063448969,0.142589440888087,0.931187411714616,0.931187411714616
21.1595088826584,2070.43143077372,4.42429194903473,0.109465486135744,0.109465486135744
23.213932829117,1900.55562651004,0.364371262429219,0.833446612348038,0.833446612348038
22.4850242266105,1673.24261337343,1.17206968085698,0.556529644341412,0.556529644341412
23.0233435714392,1645.39444368409,0.520397926378883,0.770898190181378,0.770898190181378
23.5314313754599,1838.78416009598,0.1511800008256,0.927196278730874,0.927196278730874
23.6147144253097,1878.37079083388,0.348976744642789,0.839886620104117,0.839886620104117
25.0486942320799,1754.65433994966,2.01645930143877,0.364864345472968,0.364864345472968
25.3160985096046,2079.61599270929,6.31071166937616,0.0426232314696169,0.0426232314696169
23.5509922811745,1733.54203949599,0.00484010692331852,0.99758287250691,0.99758287250691
23.4844685154199,1574.92550736731,0.563190964726867,0.754578863262208,0.754578863262208
23.8362943989947,1884.33241486035,0.541697587977338,0.76273181732205,0.76273181732205
23.6893969098461,1199.55331327109,5.24576335877274,0.0725933703084641,0.0725933703084641
22.8231080611636,1847.99260377211,0.378855552866787,0.827432474863924,0.827432474863924
23.6745568733201,1874.24083546647,0.363018784468028,0.834010412045734,0.834010412045734
23.5355908182915,1693.78123416496,0.0530289523467085,0.973833946344471,0.973833946344471
22.5273230115149,1470.7119373617,2.92571558544482,0.231573539025639,0.231573539025639
23.3131886871893,1651.25079746385,0.255009126992733,0.880289398627583,0.880289398627583
22.0015730908266,2137.45617994996,3.04449256840794,0.218221149269833,0.218221149269833
23.2647155797563,1564.12052772504,0.789067032276996,0.673994373425203,0.673994373425203
22.5415752660629,1167.06894471979,8.41444236019685,0.0148876810956631,0.0148876810956631
23.0628343528118,1953.06118092589,0.670235149351235,0.715253985653253,0.715253985653253
24.7853394080064,1624.67407143417,1.23108980994811,0.540346377645643,0.540346377645643
24.2089787939333,1622.27916592295,0.47301119021495,0.789381465615474,0.789381465615474
23.7256900033865,1446.15857296678,1.5335927372988,0.464498770042251,0.464498770042251
23.8042693792846,1744.36081531562,0.0730837776556769,0.964117707289799,0.964117707289799
23.4053215603947,1925.3101224251,0.520485139004273,0.770864574886766,0.770864574886766
23.0063346122623,1603.12832772342,0.787185882003684,0.674628614003794,0.674628614003794
24.5926603561985,1598.31937461839,0.969598016974132,0.615820959112546,0.615820959112546
25.1647484584619,2024.16341926877,4.88618305023554,0.0868918075926232,0.0868918075926232
21.3859196044488,1688.11903972553,4.13896494587058,0.126251103163606,0.126251103163606
23.0869932369221,1710.02380850562,0.214976750176262,0.89808696257191,0.89808696257191
22.5993842697085,1593.55359579374,1.49445299512253,0.473678481004156,0.473678481004156
23.4818812782995,1975.10920620433,0.908198206742758,0.635019797524581,0.635019797524581
23.795084928172,1501.45142852614,0.997185230743328,0.607384882608815,0.607384882608815
25.5200780167432,1962.31637219295,5.35744370719399,0.0686508439313876,0.0686508439313876
22.7853706199895,1951.42494447946,0.777315217364846,0.677966360074192,0.677966360074192
23.174287836609,1633.09894557949,0.43754811702023,0.803503242365636,0.803503242365636
24.1543103849201,1962.10666835222,1.54190167202783,0.462573028047183,0.462573028047183
23.6854251608954,1996.69339413588,1.25392609676948,0.53421171509254,0.53421171509254
21.7972554402667,1893.90271609379,2.13653711063037,0.343602932142646,0.343602932142646
22.1755716707163,2256.20968816476,4.32035364241121,0.11530473091388,0.11530473091388
24.5623467160458,1259.4121460389,3.91489223255625,0.14121861670262,0.14121861670262
23.5614583531506,1458.76912010497,1.49327832730679,0.473956770153806,0.473956770153806
25.5265411269903,1405.87255809772,3.70842540258198,0.156576166375309,0.156576166375309
22.1485448780874,1791.91792856594,1.40154920224832,0.496200797195697,0.496200797195697
24.9580145291066,2146.16061684985,6.15432375296116,0.0460898799711559,0.0460898799711559
23.9295929689823,2169.47399948591,3.82411223898564,0.147776228426005,0.147776228426005
22.5630623313385,1872.07298798855,0.696339656805559,0.705978970751997,0.705978970751997
21.8856376825202,1969.66629497783,2.09991210453377,0.349953128419901,0.349953128419901
25.4569681556166,1713.78431997916,3.02344566103917,0.220529715165498,0.220529715165498
22.6534036448777,1867.24188558893,0.581506852755941,0.747700018392147,0.747700018392147
22.9750714798739,1844.05827017824,0.258278071358055,0.87885176529873,0.87885176529873
23.8430881590011,1559.73999310767,0.580427049858739,0.748103811709686,0.748103811709686
24.3035653698509,1676.67736457742,0.478104550179711,0.787373721264818,0.787373721264818
24.4920386268164,1716.29118488953,0.750868878501194,0.686990758200977,0.686990758200977
22.7761101326051,2098.46118788425,1.96584267257725,0.374216288851503,0.374216288851503
22.5926800868503,1490.75071214377,2.53068061901976,0.282143263765277,0.282143263765277
25.9771562648175,1221.41882336178,6.68627723159805,0.0353259090868848,0.0353259090868848
24.343839636316,1942.0713964327,1.69353721897979,0.428798310417975,0.428798310417975
22.0314434608346,1545.95697271815,3.3487497817078,0.187425304142124,0.187425304142124
24.9976232237539,1640.97538633659,1.64784507353037,0.438707429028347,0.438707429028347
26.0162439710162,1976.18086291634,7.71518172201338,0.0211188164501455,0.0211188164501455
23.7861015167828,1559.22840324486,0.582605612806965,0.747289359751123,0.747289359751123
23.2592101957376,1664.7326515303,0.234796213075238,0.889231113967542,0.889231113967542
22.8850783394637,2125.6061112445,2.25744127533177,0.323446797481208,0.323446797481208
24.2459299530029,1882.07845971664,1.04202417406081,0.593919145821279,0.593919145821279
22.9074275436414,1885.5472377444,0.411483500884645,0.814043275455647,0.814043275455647
23.7490783855953,1715.83197213014,0.0501460215325655,0.975238706503709,0.975238706503709
22.9448581101529,1465.81492089958,2.14120309590992,0.342802243394599,0.342802243394599
23.7688425469358,1375.8426836984,2.33046037237638,0.311850870007147,0.311850870007147
22.829439218927,1694.15237322205,0.530686334580635,0.76694271515826,0.76694271515826
22.3425961995362,2250.42923619879,4.11281182861238,0.127912874561999,0.127912874561999
22.964113519171,1805.42523851309,0.215658219273763,0.897781005444022,0.897781005444022
22.6015009520017,1791.09189488719,0.604378707131665,0.739198081844152,0.739198081844152
25.8735523963801,1833.15991285457,5.34170969127313,0.0691930506429241,0.0691930506429241
23.0865616585232,1653.69709217286,0.41654166772898,0.811987093326823,0.811987093326823
25.5360150545915,1400.31385581884,3.77155836245261,0.151710803154234,0.151710803154234
22.0316783040866,2418.93456212657,7.29147388967899,0.0261021669070921,0.0261021669070921
22.2285754836921,1644.07617234427,1.90808420801814,0.385180931164918,0.385180931164918
24.110763468478,1675.35040814659,0.290141052683578,0.864961288404087,0.864961288404087
25.1026577864824,1301.91598545672,3.86561867357506,0.144741000555852,0.144741000555852
23.693751101322,1687.99809501086,0.0689503336279703,0.966112331035827,0.966112331035827
21.8613787794207,1688.17124028294,2.57472935194166,0.275997167507721,0.275997167507721
23.4914522716851,1686.12222816043,0.0754981613686816,0.962954534472485,0.962954534472485
24.051753128594,1303.26521412548,3.21527796917832,0.200360109377268,0.200360109377268
23.3849858697351,2196.16666219717,3.48361221345111,0.17520367814436,0.17520367814436
23.3728576167105,2190.89751223255,3.38867833135019,0.183720597798193,0.183720597798193
23.3774467537674,1922.40030075143,0.495112519246292,0.780706297333303,0.780706297333303
25.6822191140018,1474.81762601738,3.73785861067026,0.154288769571791,0.154288769571791
21.8616751157141,1928.62517515343,2.03353671286219,0.361762139462701,0.361762139462701
23.9662315419066,1688.38300900575,0.173277572399072,0.917008271859775,0.917008271859775
25.820914306267,1670.05696738341,4.10627422417781,0.128331680574083,0.128331680574083
22.9740653328607,2090.66110384452,1.85710426494819,0.395125385631228,0.395125385631228
24.2552499860659,1443.02977506002,1.56576069967508,0.45708754136392,0.45708754136392
25.6684212264287,1622.19833416328,3.47257110978469,0.176173573847426,0.176173573847426
21.5461255564864,1567.19765599628,4.73588141785367,0.0936734286502343,0.0936734286502343
24.7165129521465,1754.93996081898,1.24856533324573,0.535645527154075,0.535645527154075
25.6125793904981,1356.78639485256,4.30599726447287,0.116135387800744,0.116135387800744
23.2867342435842,1574.16589116489,0.698351464389201,0.705269180878384,0.705269180878384
22.0812567440121,1928.98121040383,1.58011766739088,0.453818094701348,0.453818094701348
23.5285912599772,1866.3040700988,0.254796114708513,0.880383159848355,0.880383159848355
23.6404477402423,1506.52402480419,1.00015571435801,0.606483438784756,0.606483438784756
24.4842637002512,1889.80636537893,1.52756875894264,0.465899944412574,0.465899944412574
23.4261389944889,1141.83838853439,6.83029098177463,0.0328716238318712,0.0328716238318712
23.293350266563,1664.8782197619,0.213792873201186,0.898618732182135,0.898618732182135
23.1040840958435,1928.25812158934,0.518618491057196,0.771584377126952,0.771584377126952
22.9437234243813,1585.23934152201,0.994006949889075,0.608350869821971,0.608350869821971
22.4197507930559,1740.89759262808,0.999248020256564,0.606758751975075,0.606758751975075
24.9401264398328,1351.67970913223,3.07513991657193,0.214902689930387,0.214902689930387
22.6338395417251,1961.94735603161,0.950012859026408,0.621881058059692,0.621881058059692
25.3245571785727,1287.40452289943,4.40295080375812,0.110639799713742,0.110639799713742
21.1859789676119,1669.08343243024,5.07568328145394,0.0790368056483721,0.0790368056483721
23.1015410311489,1686.1871709641,0.273759920340438,0.872074903572234,0.872074903572234
23.5148829526089,1765.23036963058,0.00499414193572646,0.997506044120441,0.997506044120441
24.3669033435983,1544.12795276745,0.918672511344505,0.631702795534669,0.631702795534669
23.009823573003,2207.43300797292,3.3965632771061,0.182997710242868,0.182997710242868
25.2788471532847,1392.52287709201,3.25732244043538,0.196192056343245,0.196192056343245
23.3287827678374,1813.53417445077,0.0686141881888193,0.966274721809067,0.966274721809067
24.0364172141657,1015.05555294064,8.98277189437459,0.0112051033614693,0.0112051033614693
24.0616489477919,1750.60485243762,0.263543141099265,0.876541200036697,0.876541200036697
24.1866458173313,1877.41781766527,0.919999945378777,0.631283662747669,0.631283662747669
25.719548418065,1478.82285682641,3.83130083532266,0.147246030015215,0.147246030015215
22.5945695560551,1926.20724660895,0.820443228195754,0.66350319218049,0.66350319218049
23.0017973201992,1832.74350218992,0.220956640090385,0.895405742335086,0.895405742335086
23.3410603255465,1994.08223880332,0.997872558586669,0.607176182201549,0.607176182201549
24.4413178495662,1539.16599628474,1.01493108276128,0.602019440274075,0.602019440274075
23.6050887136317,1507.3545707404,1.00877582467144,0.603875086820231,0.603875086820231
25.715787142132,1307.11957435408,5.02952709114257,0.0808820348611427,0.0808820348611427
25.2430545568964,1669.38499714243,2.27299190494047,0.320941648589791,0.320941648589791
25.6194071793022,1415.30234867086,3.88101842621622,0.143630792470699,0.143630792470699
23.6206861101353,1922.03964057056,0.604088044839001,0.739305518155485,0.739305518155485
22.6049091252151,1767.81877651065,0.630303179709584,0.72967825406424,0.72967825406424
21.8408534263873,2297.43683661617,5.30575123228118,0.0704483391253818,0.0704483391253818
24.5824715649639,1460.5740912082,1.65968538359471,0.436117885846525,0.436117885846525
21.4732438469945,2045.41952945308,3.40715124554786,0.182031483104641,0.182031483104641
24.9666427894056,1618.15991874604,1.59087599000987,0.451383487906638,0.451383487906638
24.6227657709819,1385.84386136327,2.36463456995465,0.306567510573594,0.306567510573594
24.0741968045833,1893.24312806552,0.86565724356207,0.648671650471768,0.648671650471768
23.8988518068067,1391.65529461893,2.0799264996654,0.353467671716162,0.353467671716162
25.841300891061,1486.20681618391,4.18009220374264,0.123681433740475,0.123681433740475
22.4947357768792,1566.71995298572,1.94127720833739,0.378841031376461,0.378841031376461
22.0927899835233,1802.72469946807,1.50140715997672,0.472034321976499,0.472034321976499
22.8281218331761,1500.26810388133,1.95364082461764,0.376506332569918,0.376506332569918
23.1587103830076,2019.46272457162,1.16848396532571,0.557528317808309,0.557528317808309
22.7123928320716,1450.25437681162,2.77448467234794,0.249763118533081,0.249763118533081
22.879839395405,1804.15840517184,0.283902278489288,0.867663650151554,0.867663650151554
22.3919145266196,1785.77007605474,0.939864656237696,0.625044564793046,0.625044564793046
23.7314567967854,1483.56216547503,1.16743338383236,0.557821259207629,0.557821259207629
23.3511604983005,1642.84363484989,0.26912860566681,0.87409667017684,0.87409667017684
26.0785911686795,1585.95883666535,4.89678035514707,0.086432615726336,0.086432615726336
23.7059081482565,1989.84952520384,1.20993302874551,0.546092712590564,0.546092712590564
21.7662463109639,2139.01138086874,3.44954769285468,0.178213350801821,0.178213350801821
23.8053401773703,1489.80071397769,1.09351275687057,0.578824255579196,0.578824255579196
24.4634054255764,1982.64523919688,2.35121266500204,0.308631789459198,0.308631789459198
24.5805113682766,1731.14019781158,0.924178165466954,0.629966218329489,0.629966218329489
24.8960191497046,1258.20213736951,4.17876838522207,0.123763326726666,0.123763326726666
21.4768987576865,1561.02036852223,5.0737477013763,0.0791133337071522,0.0791133337071522
23.5123583196202,1865.28760504435,0.244911111868234,0.884745225744792,0.884745225744792
24.1485535788461,1786.27778833856,0.436739681015995,0.803828098492885,0.803828098492885
26.7703091117675,1139.42583920048,10.3437914309013,0.00567380270225004,0
25.3522221588225,1895.08300638997,3.95388245997359,0.138492205905776,0.138492205905776
21.8984497783974,1913.76085633745,1.92298885868969,0.382321106958463,0.382321106958463
24.5547003587638,1673.87428334688,0.817301871792513,0.664546161050968,0.664546161050968
22.0062764986923,1573.10509898542,3.12895159151911,0.209197646729091,0.209197646729091
23.0720360377018,2242.89358070652,3.99540486253464,0.135646582830972,0.135646582830972
26.0856271560222,1727.5044093202,5.42028105188244,0.0665274572245658,0.0665274572245658
21.1021922928884,1746.49184147966,4.80943670932284,0.0902909220463081,0.0902909220463081
25.1357346294883,1469.137663915,2.43391838884122,0.29612927077,0.29612927077
24.5926083512196,1413.96835709483,2.06308721783315,0.356456306548099,0.356456306548099
24.0041516996006,1369.2108890449,2.32920394919968,0.312046839886351,0.312046839886351
23.8004855633485,1644.50815812316,0.192496859789297,0.908238354480605,0.908238354480605
24.6200025428071,2090.23377907552,4.15846676635545,0.125026022521074,0.125026022521074
24.4539932864162,2188.45136021337,5.35766359160741,0.0686432967209995,0.0686432967209995
21.3431297464324,2142.08873631184,4.40748105566218,0.110389470252995,0.110389470252995
23.7576823673718,2074.19013473414,2.18343665904455,0.335639259061419,0.335639259061419
22.6876618333347,1690.59948530707,0.741933895250539,0.690066749526653,0.690066749526653
22.1180555776952,1443.95947144758,4.41497355422412,0.109976697437116,0.109976697437116
24.4850546677082,1668.04819627658,0.714561676607722,0.699576002406257,0.699576002406257
25.2397242250737,1146.88867053151,6.31962262877538,0.0424337469627186,0.0424337469627186
25.8096397575887,1671.55527630056,4.07012638384229,0.130672224814192,0.130672224814192
20.7538673212485,2164.9663446177,6.364728154442,0.0414874595378852,0.0414874595378852
24.2763822472342,1782.73960119975,0.588997644420647,0.744904823682298,0.744904823682298
23.4758564908495,2023.97283343101,1.34382257627406,0.510731489298464,0.510731489298464
24.7990852233984,1872.33763099952,2.09982727263879,0.349967972328227,0.349967972328227
22.9984215490053,1555.27112507993,1.15720315851905,0.560681887772233,0.560681887772233
21.0370147721154,2185.88701329039,5.63524287692016,0.0597478878575312,0.0597478878575312
23.2821503938017,1730.40277993186,0.0578496175071515,0.971489509227494,0.971489509227494
24.3291739057949,1506.11225420068,1.11211800715861,0.573464638411189,0.573464638411189
25.3015110681221,1767.66788388134,2.79249152170438,0.247524487901347,0.247524487901347
22.473718597939,1370.34750378068,4.52833429043972,0.103916545902086,0.103916545902086
22.3966465490733,1965.9435456329,1.22426908776121,0.542192299750322,0.542192299750322
23.3442780287901,1875.39216819417,0.253249998790832,0.881064010191386,0.881064010191386
22.3220143097397,1661.30255570833,1.57631631603908,0.45468147595919,0.45468147595919
22.2722686891842,1627.89050109085,1.92470388884965,0.381993401370174,0.381993401370174
23.6320416635586,1984.0742973393,1.09029093001712,0.579757442784319,0.579757442784319
25.268357454493,1484.4000528598,2.63123286039014,0.268308878557578,0.268308878557578
22.8378443457494,1504.04309294099,1.89578634716662,0.387556678579309,0.387556678579309
22.5705731984221,1856.06075367003,0.660528067727079,0.718733938278274,0.718733938278274
24.2300303720888,1637.17250908393,0.455078964565971,0.796490973594664,0.796490973594664
19.6733660693473,1981.26566852036,10.80331758028,0.00450909509312176,0
26.3731418762577,1700.34926754129,6.5373961883134,0.0380559400883135,0.0380559400883135
23.0309693368635,2048.71276848831,1.4277351810126,0.489746391364464,0.489746391364464
22.0537324138679,1873.88417938018,1.54238590308309,0.462461045491335,0.462461045491335
22.7735016517758,1188.70925711799,7.23806113198949,0.02680865311926,0.02680865311926
22.964682113543,1416.15544870806,2.73549015174483,0.254680597979383,0.254680597979383
22.8242956501622,2070.69354139649,1.66752003910144,0.4344128109975,0.4344128109975
22.3590722941808,1922.69759264614,1.09957600857999,0.577072134230783,0.577072134230783
23.2757517300615,1508.23335529335,1.24610702013597,0.536304324164258,0.536304324164258
24.0683506864756,1413.55162679076,1.81191109541019,0.404155510662098,0.404155510662098
24.0477556226481,2008.41788531969,1.83772462042369,0.398972690134957,0.398972690134957
22.4917755921443,1547.05375234227,2.13822920055256,0.343312351552743,0.343312351552743
23.1642479590825,2200.4319855785,3.36959113092506,0.185482347078092,0.185482347078092
23.1140095410132,2192.88600631779,3.22502822494182,0.199385705323714,0.199385705323714
23.8044615146353,1386.32671366787,2.18020573195524,0.336181910247178,0.336181910247178
23.8256670157626,1538.58640169897,0.715263420055838,0.699330584025887,0.699330584025887
26.1655606107242,1437.38354981784,5.46742164376929,0.0649777209871042,0.0649777209871042
23.700312135937,1916.8227645583,0.627027841045827,0.730874204781674,0.730874204781674
23.3452652093499,1427.30650439376,2.0410008116416,0.360414541506101,0.360414541506101
22.9651071456406,1241.24695709795,5.65614277209,0.0591267765038315,0.0591267765038315
24.0841866452657,2255.33897703909,5.70079615709314,0.0578212988742435,0.0578212988742435
23.8105789234656,2001.49451268046,1.4352053290952,0.487920564253622,0.487920564253622
25.8507307092908,1954.28518452185,6.63675224220141,0.0362115872676896,0.0362115872676896
22.6734336407555,1584.00118160935,1.43398954196458,0.488217258195046,0.488217258195046
23.498908411124,1747.17968322063,0.000153414351314577,0.999923295766263,0.999923295766263
22.3852012641065,1904.91792694507,1.00972007886824,0.603590048320188,0.603590048320188
24.6297347403947,1429.69130210284,1.95875742102318,0.375544348142162,0.375544348142162
23.3153627995242,1718.93429345125,0.0611625221933651,0.969881615221177,0.969881615221177
22.3588688839676,1793.93370025847,0.985575661616124,0.610920873904476,0.610920873904476
23.0795061759372,2173.19385922159,2.92031454124117,0.232199753658631,0.232199753658631
22.3130530008057,1910.53169112682,1.13255916234637,0.567633348911747,0.567633348911747
22.2703779627289,2070.55711130703,2.07179947495428,0.354906914176819,0.354906914176819
25.1869643046175,1785.13953253426,2.54966646025421,0.27947757277447,0.27947757277447
23.6058975462723,1471.87378662195,1.33340489526623,0.513398748800537,0.513398748800537
26.360383946366,1665.08511631226,6.29548789370962,0.0429489126785523,0.0429489126785523
24.4710738096927,1333.80932845225,2.84896964061057,0.240632400207165,0.240632400207165
23.7338915703173,1982.21390914604,1.16794865370224,0.557677563475122,0.557677563475122
21.9731606409871,2104.20517248434,2.7748479928694,0.249717750620745,0.249717750620745
23.2034455312499,1734.31929095452,0.0900665748491666,0.955965659668663,0.955965659668663
24.5468935844404,1504.77546324187,1.31884356623212,0.51715027307713,0.51715027307713
23.2374187280113,2021.78783846736,1.20660864165756,0.547001179186333,0.547001179186333
23.2424106226314,1784.83143366111,0.0533361567599852,0.973684374788968,0.973684374788968
24.7647435784073,1653.4337519889,1.17543999543558,0.555592594114798,0.555592594114798
23.7956311258789,2030.8975479293,1.72463125815086,0.422183329547851,0.422183329547851
25.1658733537581,1560.04076479395,2.12165284252367,0.346169610159357,0.346169610159357
24.7227103013256,2037.24246753636,3.67638954223534,0.159104386848525,0.159104386848525
24.4118662623524,1539.38185507952,0.984908472225928,0.611124707864208,0.611124707864208
23.3637367308694,1847.85336758453,0.153547667049341,0.926099282533237,0.926099282533237
24.862052111985,1972.8470604028,3.25363893853746,0.196553726199861,0.196553726199861
23.521372014752,1416.18450146709,2.00180101849967,0.367548311446911,0.367548311446911
24.072654152765,1849.53204052936,0.604497695170138,0.739154105287435,0.739154105287435
23.2037050715278,1722.10275376418,0.109223849038881,0.946852526912891,0.946852526912891
23.0734685594572,1918.93572918572,0.476950629668517,0.787828135685214,0.787828135685214
24.2253683425321,1552.85117204962,0.761788675996542,0.683250079377044,0.683250079377044
25.6663359852831,1728.25682701696,3.79030523051236,0.150295395925663,0.150295395925663
24.6980535566015,2095.57380354874,4.46329465942709,0.107351441177391,0.107351441177391
26.217034951445,1792.12699612829,6.48333130185525,0.0390987160186531,0.0390987160186531
21.6779825050798,1955.79534864216,2.5328160473042,0.281842176178763,0.281842176178763
23.9836312063401,1694.77698304407,0.178874389229914,0.914445695434822,0.914445695434822
21.7895712154462,1492.64869075302,4.80928172431795,0.0902979191869148,0.0902979191869148
25.0999452509499,1747.27113025717,2.1197170026351,0.346504836839257,0.346504836839257
22.3659122923478,1443.74961254766,3.69664785919218,0.157500927854189,0.157500927854189
23.3590919047338,1100.97026587104,7.89782781232749,0.019275625548838,0.019275625548838
23.8625108912984,2042.28197628647,1.94063631330887,0.378962449496293,0.378962449496293
23.1521702992176,1478.27154357573,1.69128894119063,0.429280610311891,0.429280610311891
23.5932791404453,1293.47822736107,3.67258725618407,0.159407154755285,0.159407154755285
23.2626815905125,1998.82070910511,1.01211377947068,0.602868073523102,0.602868073523102
21.8531691156389,1747.0319120705,2.27113477942895,0.321239801456844,0.321239801456844
24.0462095839461,1600.09339149099,0.437692710432026,0.803445153827865,0.803445153827865
21.3488816311006,1705.50944760394,4.14338985645559,0.125972087011423,0.125972087011423
24.9808664927256,1643.50676134543,1.61125471948545,0.446807529556868,0.446807529556868
21.663094897377,1999.16239288913,2.71550696549205,0.257238017965577,0.257238017965577
23.7832158119774,1931.91609599567,0.804073980137522,0.66895600050423,0.66895600050423
23.8024259947357,1318.34172984958,3.10674592929882,0.211533274918779,0.211533274918779
23.4371894927358,1838.34974959325,0.1300277289064,0.937054471539475,0.937054471539475
23.355188361384,1931.70364994597,0.545985511234475,0.761098301296377,0.761098301296377
23.3292188240203,1917.0653984384,0.454330357650675,0.796789158722446,0.796789158722446
23.4638953841973,1143.91906330265,6.71965093853137,0.0347413218440546,0.0347413218440546
23.5596889381387,1691.16058861722,0.0563815448539325,0.972202879606042,0.972202879606042
21.2188123757871,2244.905947261,5.76564041233105,0.0559766742558608,0.0559766742558608
23.0568914585412,1949.1984356358,0.647762616669876,0.723336091250039,0.723336091250039
23.992692467006,1322.68064919334,2.95200783382032,0.228549167461111,0.228549167461111
24.2240920881059,1334.08291582008,2.77065373658515,0.250241990249868,0.250241990249868
23.769065691922,1872.77813291144,0.421607979859783,0.809932806309653,0.809932806309653
23.3417630034168,1706.48576402415,0.0735225255544016,0.963906228178053,0.963906228178053
22.0272831659099,1990.32089982085,1.90997546887075,0.384816864520153,0.384816864520153
22.4905200589009,1823.45523827486,0.748698769706856,0.687736585102182,0.687736585102182
22.3760279672332,1770.24809432857,0.99858801991642,0.606959015508102,0.606959015508102
21.5275339066401,1795.91242224039,3.03613438090539,0.219135024165519,0.219135024165519
23.042196724932,1791.56313275481,0.155119751144116,0.925371615582987,0.925371615582987
23.8371812121937,1432.59996037992,1.63613248021449,0.441284167587125,0.441284167587125
20.8584069038268,2337.37060724376,7.93127147465282,0.0189559817558138,0.0189559817558138
24.1350300729299,1396.9987605018,1.99786418652925,0.368272511948584,0.368272511948584
24.6117414125789,1745.76139476922,1.01679275655052,0.60145931909896,0.60145931909896
24.696300187406,1613.92172758724,1.09354597380525,0.578814642275284,0.578814642275284
23.4972560975472,2200.02923105363,3.66879380208921,0.159709793538115,0.159709793538115
24.6667695025236,2002.86255825226,3.07874442935174,0.214515728990407,0.214515728990407
22.1712327463869,1609.06837416588,2.32902321505963,0.312075039919142,0.312075039919142
24.068698707116,1801.35624025227,0.394897886613405,0.820822048017447,0.820822048017447
21.8074698544363,2041.36352536656,2.61039944217482,0.271118381579999,0.271118381579999
19.9926210513781,2309.07652925044,10.6849847429249,0.00478393250240479,0
23.821073214049,1825.56697622445,0.254004172639024,0.880731835107228,0.880731835107228
23.5113904236094,1489.37270044381,1.22380036072859,0.542319384735668,0.542319384735668
24.5239164862456,1504.11543043868,1.29831753408831,0.522485123643515,0.522485123643515
19.4983702576818,2251.42452607481,12.5448038523903,0.00188768904381046,0
25.5106804646625,1232.35902098225,5.45132339281282,0.0655028453775123,0.0655028453775123
20.986112764819,2513.93352565508,10.726403238169,0.00468587966418437,0
22.651501659218,1684.66082658554,0.824513116150451,0.662154373206589,0.662154373206589
22.6612496917133,1636.40005237522,1.07354393043176,0.584632423451808,0.584632423451808
22.313975848978,1789.38834203254,1.07479694683196,0.584266261158287,0.584266261158287
22.4548477239897,1983.34610707654,1.24695293671281,0.536077537769209,0.536077537769209
22.7123208418607,1825.7060024634,0.461600139853412,0.793898174289611,0.793898174289611
25.2610392091018,1260.96401012653,4.62377929909397,0.0990738596888461,0.0990738596888461
22.8631744729766,1838.38338469693,0.329324394320871,0.84818017337115,0.84818017337115
23.7304924384838,1862.60678551059,0.343291555613654,0.842277473707042,0.842277473707042
20.1234755394595,1914.88273721539,8.50165900891689,0.0142524065694691,0.0142524065694691
23.1099100963056,1492.14353381402,1.6002288876797,0.449277544127619,0.449277544127619
23.5272612123933,1157.24280578002,6.32822157267956,0.0422516958999907,0.0422516958999907
26.0624592967511,1668.85981532271,5.032205301652,0.0807737977898379,0.0807737977898379
25.3325598185245,1513.927640056,2.65386022368285,0.26529042443382,0.26529042443382
24.8767325369014,1558.52921301989,1.54045360901653,0.462908066767811,0.462908066767811
24.5249244545409,1511.55621279434,1.25435296914407,0.534097707148006,0.534097707148006
24.2817181109116,1650.49988357919,0.481046100421696,0.786216522782629,0.786216522782629
22.9190913342531,1672.19460561271,0.511129741430221,0.774478893931213,0.774478893931213
23.4416333634474,1949.02359443557,0.690078271370247,0.708192637321397,0.708192637321397
23.4326474704991,1996.60760953517,1.06218971503642,0.587960883757544,0.587960883757544
22.5141184680949,1551.36499843995,2.046339644905,0.359453727911139,0.359453727911139
25.9348222882446,1672.79920526253,4.54300154086102,0.103157248505564,0.103157248505564
23.4357326791749,1840.36132000803,0.136012570996883,0.934254601302918,0.934254601302918
21.9942269983663,2099.69626217851,2.70208106964407,0.258970652420115,0.258970652420115
22.3446036631545,1735.98051053363,1.15814001965705,0.560419308741339,0.560419308741339
24.4051665109835,1325.28198809535,2.92854644567209,0.231245994727696,0.231245994727696
23.8824759942097,1807.96389664858,0.241776558387471,0.886132953550958,0.886132953550958
23.7473452205707,1720.22765179709,0.0473880955162418,0.976584452257663,0.976584452257663
23.263429621262,2193.12396927335,3.32755973786516,0.189421636264685,0.189421636264685
23.8279791172185,1835.8562859341,0.298232104989123,0.861469133455597,0.861469133455597
25.2329424866808,1594.23992840923,2.22101874758347,0.329391135124285,0.329391135124285
23.8912704013108,1640.11977128516,0.23182942073761,0.890551174839749,0.890551174839749
23.445543173954,1623.67539208177,0.310135211038569,0.856357281047898,0.856357281047898
24.0362543865947,1796.5097613788,0.345087926351708,0.841521292049984,0.841521292049984
24.6495796278197,1794.10640167327,1.27061640711723,0.529772185480783,0.529772185480783
24.9207474997208,1978.96491110563,3.49774983001456,0.173969563930545,0.173969563930545
23.7969621761382,1830.04486161286,0.252920499019199,0.88120917734427,0.88120917734427
21.7587603117019,1658.32515499599,3.10192063860824,0.212044245837834,0.212044245837834
24.4883397854993,1514.84815557053,1.19667219389945,0.549725565583526,0.549725565583526
23.9438619839733,1908.67684926929,0.808184844093132,0.667582419084229,0.667582419084229
20.4767364727805,1734.37300210953,7.7400191988026,0.0208581691983172,0.0208581691983172
25.5719167381929,1795.71289907305,3.86428025153879,0.144837895246081,0.144837895246081
22.9023317543905,2025.91000466875,1.23833769878587,0.538391736301094,0.538391736301094
22.070915262486,2188.00773941779,3.51118746278487,0.172804612304326,0.172804612304326
24.4060854019388,1511.54672427048,1.13885011618791,0.565850676460628,0.565850676460628
21.5450913585329,2161.01803853296,4.10412157768988,0.12846988130581,0.12846988130581
22.9639816047312,1533.31520526591,1.39995624132723,0.496596168867175,0.496596168867175
23.3350235138987,1816.58795455156,0.0737862735944769,0.963779122369965,0.963779122369965
24.6904026288765,1805.59467071587,1.41214629017785,0.493578608482226,0.493578608482226
23.2563901419044,1680.7723055171,0.181233646150336,0.913367625253317,0.913367625253317
23.2938500081634,2098.56382275585,2.04684328987003,0.35936322077737,0.35936322077737
24.7345264745249,1585.27355361998,1.21907289391228,0.543602799410768,0.543602799410768
23.0699891971827,1915.13255485002,0.459186657811189,0.794856782062445,0.794856782062445
22.8703493657154,1746.68505901991,0.335837746326835,0.84542241834901,0.84542241834901
23.9593621110888,1517.13006414622,0.873922933290556,0.645996323336513,0.645996323336513
22.0839086731938,2053.67079750039,2.19587621399661,0.333558136327116,0.333558136327116
27.087317698907,1227.91931186505,10.6664546557137,0.00482846181009815,0
22.901131524486,1618.46058769158,0.822184869528138,0.662925651392378,0.662925651392378
24.742353687422,1364.65035955121,2.70195634712746,0.258986802659434,0.258986802659434
23.1082378316739,1798.57976501287,0.11986528610528,0.941827970104784,0.941827970104784
22.1364957210772,1816.10362494678,1.38695061827991,0.499835962624141,0.499835962624141
23.7945533996842,1470.31596310591,1.27104500903235,0.529658666958145,0.529658666958145
23.1421547550751,1912.73808309527,0.431647692869061,0.805877247521478,0.805877247521478
26.7956894096336,1491.77955248368,7.98462093562871,0.0184570204659197,0.0184570204659197
24.570326703409,1914.80250931125,1.91617317098634,0.383626220140076,0.383626220140076
22.5838331356964,1809.45603622698,0.617792409725158,0.73425697837514,0.73425697837514
24.7656748798358,1928.82146968466,2.51648572609165,0.284152883623724,0.284152883623724
23.9985661343583,1515.37943727622,0.893380277536247,0.639742108843809,0.639742108843809
23.1286539860069,1773.83796928281,0.101527847860161,0.950503035068802,0.950503035068802
24.0731114265916,1634.29576579385,0.339526881555911,0.843864416896779,0.843864416896779
25.0204828007573,1382.78095368391,2.88222856447332,0.236663901322336,0.236663901322336
25.0402958950274,1788.17418862336,2.15833992456828,0.339877519756046,0.339877519756046
22.5008746830476,2193.44018943886,3.21606283953419,0.200281496448342,0.200281496448342
25.8496010398836,1587.9856112778,4.05801026147285,0.1314662478389,0.1314662478389
24.5939351241716,1700.04725352591,0.895979919593198,0.6389110987971,0.6389110987971
23.3465736935762,1922.31112888619,0.487505076857689,0.783681541335103,0.783681541335103
24.5433895520925,1759.03807004831,0.932983993921702,0.627198628305747,0.627198628305747
22.9010995031763,2235.8843637031,3.80386945643802,0.149279524344534,0.149279524344534
22.2623906899304,1934.30192506491,1.28340069766883,0.526396604802864,0.526396604802864
22.5516132416289,2330.33345150408,5.38891879425524,0.0675789052512777,0.0675789052512777
23.2100008811159,1837.2270958744,0.140578713713555,0.932124064390627,0.932124064390627
22.2012772427132,1466.51803095709,3.84220366354991,0.146445514881234,0.146445514881234
23.4534427458655,1855.33401214539,0.189911286896995,0.909413272010245,0.909413272010245
23.5569844330616,1518.86043524024,0.93628932776765,0.626162933943252,0.626162933943252
26.0770974340885,1498.23788736681,4.95007308496533,0.0841599147888907,0.0841599147888907
23.5421014667518,1702.63136357067,0.0368454827775008,0.981745919988277,0.981745919988277
23.9593529960726,1983.48050774749,1.44980783001489,0.484371107513757,0.484371107513757
24.7038898373693,1835.979646264,1.61648244446303,0.445641161143051,0.445641161143051
22.0758425580947,1953.50331140819,1.66736791660076,0.434445854235707,0.434445854235707
23.1574648708697,1978.83528833854,0.838313183354842,0.657601212327979,0.657601212327979
22.5327178730207,1707.03530972476,0.923165589236799,0.630285243491239,0.630285243491239
25.4565712629796,1149.44381469968,6.59607061309892,0.0369557027501986,0.0369557027501986
25.8143230920236,1948.98092531589,6.40404325544366,0.0406798812178257,0.0406798812178257
22.453765131714,2292.27868160616,4.73161246204034,0.0938735860539148,0.0938735860539148
22.4429369440645,1764.59422089805,0.893051719837942,0.639847213574209,0.639847213574209
21.2532181719235,1411.26692552782,8.3108070602507,0.0156794627172987,0.0156794627172987
22.674706811458,1658.11075287774,0.92220131773218,0.630589199809495,0.630589199809495
22.7116292385479,1516.36874568524,1.99784924146528,0.368275263886991,0.368275263886991
24.191484502199,1739.59127472869,0.380879287457198,0.826595646454669,0.826595646454669
22.8428389250722,1919.02738263539,0.581634011397297,0.747652481644099,0.747652481644099
23.6743544304634,1966.60987020895,0.976648426052472,0.61365388620399,0.61365388620399
22.9433757812462,1808.79301610382,0.23343887159624,0.889834813938825,0.889834813938825
25.1707161098008,1516.50954211992,2.27311248139367,0.320922300170203,0.320922300170203
23.5952629851342,1953.3137147405,0.80864283041858,0.667429564776667,0.667429564776667
24.5603819930945,2087.08219837506,3.94858719041691,0.138859368528442,0.138859368528442
22.549064443633,2312.97061370316,5.07307122461294,0.0791400973991132,0.0791400973991132
23.2015957881544,1626.58609798094,0.448409260997314,0.799151586848811,0.799151586848811
23.2472700380925,1868.52304884042,0.228077622003369,0.892223327129372,0.892223327129372
23.7224902657731,2048.42403650448,1.83282963180015,0.399950369468875,0.399950369468875
23.8081417172252,1720.90155066044,0.0705166774988877,0.965355995180826,0.965355995180826
25.0905905908412,1881.21751985513,2.97460552752115,0.225981359373324,0.225981359373324
23.6581602138728,1803.60576061452,0.0955160112701565,0.953364467993609,0.953364467993609
25.499713923458,1716.39072991937,3.17072000057868,0.204874025131021,0.204874025131021
23.4495449094698,1792.127302838,0.0286345119007013,0.985784748570089,0.985784748570089
21.1950408053621,1991.18012182368,3.99687447315732,0.135546945612904,0.135546945612904
22.5647106352978,1852.1934936354,0.66300700299353,0.717843642685142,0.717843642685142
22.0634567171207,1633.38784916389,2.41098284727983,0.299544759961454,0.299544759961454
22.9132337902825,1190.05188369815,6.84693348164754,0.0325992257522082,0.0325992257522082
24.179648458927,1551.23478232212,0.740997641659362,0.690389863886195,0.690389863886195
23.1096059946815,1745.01058325004,0.132529541062932,0.935883037235257,0.935883037235257
26.5088151483681,1121.39692442721,9.66268475997851,0.0079758075121975,0
21.6360670603138,2302.73644062441,5.6871475422303,0.0582172386646587,0.0582172386646587
24.8836408352787,1377.8107035544,2.73355364828703,0.254927312330218,0.254927312330218
22.9335588833695,1459.81038186937,2.23190307363771,0.327603403842081,0.327603403842081
24.9675874355093,2114.43783740331,5.62623146264403,0.0600177017370303,0.0600177017370303
23.1189103398571,1202.52900150382,6.11117190400172,0.0470951172057783,0.0470951172057783
23.755622005898,1934.76655229891,0.799213688155909,0.670583638144408,0.670583638144408
22.0748937726836,1663.99530747857,2.15152818964625,0.341037071059446,0.341037071059446
23.3388414105576,1863.96921928875,0.208197637332802,0.901136243939332,0.901136243939332
23.8480456256665,1969.52868452667,1.17821571353361,0.554822044736136,0.554822044736136
23.3373131618435,1510.38314553338,1.1669270813562,0.557962490225676,0.557962490225676
23.8461788354241,1573.53889070591,0.501609628430249,0.778174245287515,0.778174245287515
25.3851046253764,1000.76377231557,9.37385257888462,0.00921496681148199,0
24.8648873519672,1509.7384877593,1.72396787513714,0.422323387399315,0.422323387399315
20.7066178679481,1845.04283730937,5.95293334807651,0.0509726189360515,0.0509726189360515
24.3387343614433,1876.26856264885,1.15692317056545,0.560760385353887,0.560760385353887
22.0763602966428,2256.76302043588,4.42160644313036,0.10961256996694,0.10961256996694
23.705848481845,1766.1571279113,0.0488728238560264,0.975859739984928,0.975859739984928
24.4300502771636,1865.9164469596,1.25100773980049,0.534991794332377,0.534991794332377
24.9936669926409,1768.69702094602,1.93822278556911,0.379420043736954,0.379420043736954
25.3262005492893,1628.293551434,2.45302674053758,0.2933134723791,0.2933134723791
24.7413836062068,1937.23017078434,2.53782892907115,0.281136639987441,0.281136639987441
24.9541008918844,1866.06126894725,2.45423436432906,0.293136419673942,0.293136419673942
22.6962496473972,1782.35391140457,0.487545884212637,0.783665551512817,0.783665551512817
24.0856692827448,1546.13525227643,0.721032144087311,0.697316367713837,0.697316367713837
21.3251016585381,1739.95888146489,3.99818251103407,0.135458324326593,0.135458324326593
22.4934296838481,1945.35313399789,1.01160372252224,0.603021841654842,0.603021841654842
21.4230726831672,1919.11029666033,3.1741434731826,0.204523634798356,0.204523634798356
23.1421105538156,1629.33598706737,0.485679494848682,0.784397205372587,0.784397205372587
22.8410610761593,1582.72015044162,1.16252797836644,0.559191108164009,0.559191108164009
22.7827960530877,1878.1995111345,0.481285324580964,0.786122487413292,0.786122487413292
23.521059947904,2012.22818725664,1.26186031330132,0.532096637526606,0.532096637526606
22.4394373209695,1780.26292132229,0.867556650475946,0.648055897200683,0.648055897200683
23.6341481366473,1671.67679278303,0.0982173253767094,0.952077668758425,0.952077668758425
22.7192999064494,1529.83050470747,1.84429078463858,0.397664977872592,0.397664977872592
24.5435206698397,1645.17967849577,0.814405430116318,0.665509267876637,0.665509267876637
22.9925235504567,1379.3103195282,3.20703649904953,0.20118744374765,0.20118744374765
24.1208396347937,1575.67099721596,0.583580046188758,0.746925356583533,0.746925356583533
