"design","method","n","mean_bio_1","mean_bio_12","mean_suit","mean_mahal","shift_bio_1","shift_bio_12"
"niche (true)",NA,NA,16,1500,1,0,NA,NA
"all suitable cells","suitability",868,17.53,1586,0.208,4.754,NA,NA
"all suitable cells","mahalanobis",868,17.53,1586,0.208,4.754,NA,NA
"centroid","suitability",100,16.08,1411,0.467,2.005,NA,NA
"centroid","mahalanobis",100,16.42,1573,0.52,2.096,NA,NA
"random","suitability",100,17.56,1548,0.204,4.764,NA,NA
"random","mahalanobis",100,17.56,1548,0.204,4.764,NA,NA
"edge","suitability",100,17.84,1603,0.119,5.609,NA,NA
"edge","mahalanobis",100,18.26,1564,0.077,6.376,NA,NA
"effort bias","suitability",100,16.14,1447,0.438,2.371,0.03,0.07
"effort bias","mahalanobis",100,18.03,1496,0.105,5.947,-0.12,-0.13
"steep bias","suitability",100,17.48,1654,0.419,2.746,0.7,0.45
"steep bias","mahalanobis",100,19.17,1745,0.097,6.205,0.46,0.33
